Country,Related,FromYear,ToYear,FromDate,ToDate
Aatar,,,,,
Abu Dhabi,,,,,
Aden,,,,,
Aegean Islands,Italy,,,,
Afghanistan,,,,,
Aitutaki,,,,,
Alaouites,,,,,
Albania,,,,,
Alderney,,,,,
Alexandretta,,,,,
Algeria,,,,,
Allenstein,,,,,
Alwar,India,,,,
Ancachs,Peru,,,,
Andorra,,,,,
Angola,,,,,
Angra,,,,,
Anguilla,,,,,
Anjouan,,,,,
Annam & Tonkin,,,,,
Annobon & Corisco,Elobey,,,,
Antigua,,,,,
Antioquia,Colombia,,,,
Apurimac,Peru,,,,
Arequipa,Peru,,,,
Argentina,,,,,
Armenia,,,,,
Army of the North,Russia,,,,
Army of the Northwest,Russia,,,,
Aruba,,,,,
Ascension,,,,,
Australia,,,,,
Australian Antarctic Territory,,,,,
Austria,,,,,
Austrian Offices Abroad,Austria,,,,
Ayacucho,Peru,,,,
Azerbaijan,,,,,
Azores,,,,,
Baden,Germany,,,,
Bahamas,,,,,
Bahawalpur,Pakistan,,,,
Bahrain,,,,,
Bamra,India,,,,
Bangkok,,,,,
Bangladesh,,,,,
Barbados,,,,,
Barbuda,,,,,
Barwani,India,,,,
Basutoland,,,,,
Batum,,,,,
Bavaria,Germany,,,,
Bechuanaland,,,,,
Bechuanaland Protectorate,,,,,
Belarus,,,,,
Belgian Congo,,,,,
Belgium,,,,,
Belize,,,,,
Benin,,,,,
Bergedorf,Germany,,,,
Bermuda,,,,,
Bhopal,India,,,,
Bhor,India,,,,
Bhutan,,,,,
Bijawar,India,,,,
Bohemia and Moravia,Czechoslovakia,,,,
Bolivar,Colombia,,,,
Bolivia,,,,,
Bosnia & Herzegovina,,,,,
Botswana,,,,,
Boyaca,Colombia,,,,
Brazil,,,,,
Bremen,Germany,,,,
British Antactic Territory,,,,,
British Central Africa,,,,,
British Columbia & Vancouver Island,Canada,,,,
British East Africa,,,,,
British Guiana,,,,,
British Honduras,,,,,
British Indian Ocean Territory,,,,,
British New Hebrides,,,,,
British Offices Abroad,Great Britain,,,,
Brunei,,,,,
Brunswick,Germany,,,,
Buenos Aires,Argentina,,,,
Bulgaria,,,,,
Bundi,India,,,,
Burkina Gaso,,,,,
Burma,,,,,
Burundi,,,,,
Bushire,,,,,
Bussahir,India,,,,
Cabo Gacias A Dois,Nicaragua,,,,
Cambodia,,,,,
Cameroon,,,,,
Cameroun,,,,,
Campeche,Mexico,,,,
Canada,,,,,
Cape Juby,,,,,
Cape of Good Hope,,,,,
Cape Verde,,,,,
Caribbean Netherlands,,,,,
Carlist Stamps,Spain,,,,
Caroline Islands,,,,,
Castellorizo,,,,,
Cayman Islands,,,,,
Central African Republic,,,,,
Central Lithuania,,,,,
Ceylon,,,,,
Chachapoyas,Peru,,,,
Chad,,,,,
Chala,Peru,,,,
Chamba,India,,,,
Charkhari,India,,,,
Chiapas,Mexico,,,,
Chiclayo,Peru,,,,
Chihuahua,Mexico,,,,
Chile,,,,,
China,,,,,
China Provinces,China,,,,
China Treaty Ports,China,,,,
Christmas Island,,,,,
Cilicia,,,,,
Cochin,India,,,,
Cochin China,,,,,
Cocos Island,,,,,
Colombia,,,,,
Columbian States,Colombia,,,,
Comoro Islands,,,,,
Congo Republic,,,,,
Cook Islands,,,,,
Cordoba,Argentina,,,,
Corfu,,,,,
Corrientes,Argentina,,,,
Costa Rica,,,,,
Crete,,,,,
Croatia,,,,,
Cuautla,Mexico,,,,
Cuba,,,,,
Cuernavaca,Mexico,,,,
Cundinamarca,Colombia,,,,
Curacao,,,,,
Cuzco,Peru,,,,
Cyprus,,,,,
Cyrenaica,,,,,
Czech Legion,Czechoslovakia,,,,
Czech Republic,,,,,
Czechoslovakia,,,,,
Dahomey,,,,,
Dalmatia,,,,,
Danish West Indies,,,,,
Danzig,,,,,
Denmark,,,,,
Dhar,India,,,,
Diego Suarez,,,,,
Djibouti,,,,,
Dominica,,,,,
Dominican Republic,,,,,
Duttia,India,,,,
East Africa & Uganda Protectorates,,,,,
Eastern Rumelia,,,,,
Eastern Silesia,,,,,
Ecuador,,,,,
Egypt,,,,,
El Salvador,,,,,
Elobey,,,,,
Epirus,,,,,
Equatorial Guinea,,,,,
Eritrea,,,,,
Estonia,,,,,
Ethiopia,,,,,
Falkland Dependencies,,,,,
Falkland Islands,Falkland Islands,,,,
Far Eastern Republic,,,,,
Faridkot,India,,,,
Faroe Islands,,,,,
Fernando Po,,,,,
Fiji,,,,,
Finland,,,,,
Fiume,,,,,
France,,,,,
French Andorra,,,,,
French Colonies,France,,,,
French Congo,France,,,,
French Equatorial Africa,France,,,,
French Guiana,France,,,,
French Guinea,France,,,,
French India,France,,,,
French Morocco,France,,,,
French New Hebrides,,,,,
French Oceania,France,,,,
French Offices Abroad: Reunion,France,,,,
French Polynesia,,,,,
French Southern & Antarctic Territory,,,,,
French Sudan,France,,,,
Funchal,,,,,
Gabon,,,,,
Gambia,,,,,
Georgia,,,,,
German East Africa,,,,,
German New Guinea,,,,,
German Occupations,Germany,,,,
German Offices Abroad,Germany,,,,
German South West Africa,,,,,
Germany,,,,,
Ghana,,,,,
Gibraltar,,,,,
Gilbert & Ellice Islands,,,,,
Gold Coast,,,,,
Grand Comoro,,,,,
Great Britain,,,,,
Greece,,,,,
Greenland,,,,,
Grenada,,,,,
Grenada Grenadines,,,,,
Griqualand West,,,,,
Guadalajara,Mexico,,,,
Guadeloupe,,,,,
Guam,United States,,,,
Guanacaste,,,,,
Guatemala,,,,,
Guernsey,,,,,
Guinea,,,,,
Guinea-Bissau,,,,,
Guyana,,,,,
Gwalior,India,,,,
Haiti,,,,,
Hamburg,Germany,,,,
Hanover,Germany,,,,
Hatay,,,,,
Hawaii,United States,,,,
Hejaz,Saudi Arabia,,,,
Heligoland,,,,,
Honduras,,,,,
Hong Kong,,,,,
Horta,,,,,
Huacho,Peru,,,,
Hungary,,,,,
Hungary Occupations,Hungary,,,,
Hyderabad,India,,,,
Iceland,,,,,
Idar,India,,,,
Ile,Rouad,,,,
India,,,,,
Indo-China,,,,,
Indonesia,,,,,
Indore,India,,,,
Inhambane,,,,,
Inini,,,,,
Ionian Islands,,,,,
Iran,,,,,
Iraq,,,,,
Ireland,,,,,
Isle of Man,,,,,
Israel,,,,,
Issues of The Arabian Government,Syria,,,,
Italian Colonies,,,,,
Italian East Africa,,,,,
Italian Offices Abroad,Italy,,,,
Italy,,,,,
Ivory Coast,,,,,
Jaipur,India,,,,
Jamaica,,,,,
Jammu & Kashmir,India,,,,
Japan,,,,,
Japanese Offices Abroad,,,,,
Jasdan,India,,,,
Jedda,Saudi Arabia,,,,
Jersey,,,,,
Jhalawar,India,,,,
Jind,India,,,,
Johore,Malaysia,,,,
Jordan,,,,,
Karelia,,,,,
Kathiri,Aden,,,,
Kazakhstan,,,,,
Kedah,Malaysia,,,,
Kelantan,Malaysia,,,,
Kenya,,,,,
Kiauchau,,,,,
Kionga,,,,,
Kiribati,,,,,
Kishangarh,India,,,,
Korea,,,,,
Kosovo,,,,,
Kotah,India,,,,
Kuwait,,,,,
Kyrgyzstan,,,,,
La Aguera,,,,,
Labuan,,,,,
Lagos,,,,,
Laos,,,,,
Las Bela,India,,,,
Latakia,,,,,
Latvia,,,,,
Lebanon,,,,,
Leeward Islands,,,,,
Lesotho,,,,,
Liberia,,,,,
Libya,,,,,
Liechtenstein,,,,,
Lithuania,,,,,
Livonia,Russia,,,,
Lombardy Venetia,Austria,,,,
Lourenco Marques,,,,,
Lubeck,Germany,,,,
Luxembourg,,,,,
Macao,,,,,
Macedonia,,,,,
Madagascar,,,,,
Madeira,,,,,
Malacca,Malaysia,,,,
Malagasy Republic,,,,,
Malawi,,,,,
Malaya,Malaysia,,,,
Malaysia,,,,,
Maldive Islands,,,,,
Mali,,,,,
Malta,,,,,
Manchukuo,,,,,
Mariana Islands,,,,,
Marienwerder,,,,,
Marshall Islands,,,,,
Martinique,,,,,
Mauritania,,,,,
Mauritius,,,,,
Mayotte,,,,,
Mecklenburg-Schwerin,Germany,,,,
Mecklenburg-Strelitz,Germany,,,,
Memel,,,,,
Merida,Mexico,,,,
Mesopotamia,,,,,
Mexico,,,,,
Micronesia,,,,,
Middle Congo,,,,,
Modena,Italy,,,,
Moheli,,,,,
Moldova,,,,,
Monaco,,,,,
Mongolia,,,,,
Montenegro,,,,,
Montserrat,,,,,
Moquegua,Peru,,,,
Morocco,,,,,
Morvi,India,,,,
Mount Athos,,,,,
Mozambique,,,,,
Mozambique Company,,,,,
Nabha,India,,,,
Namibia,,,,,
Nandgaon,India,,,,
Natal,,,,,
Nauru,,,,,
Negri Sembilan,Malaysia,,,,
Nejdi,Saudi Arabia,,,,
Nepal,,,,,
Netherlands,,,,,
Netherlands Antilles,,,,,
Netherlands Indies,,,,,
Nevis,,,,,
New Britain,,,,,
New Brunswick,Canada,,,,
New Caledonia,,,,,
New Guinea,,,,,
New Republic,,,,,
New South Wales,Australia,,,,
New Zealand,,,,,
Newfoundland,Canada,,,,
Nicaragua,,,,,
Niger,,,,,
Niger Coast Protectorate,,,,,
Nigeria,,,,,
Niuafoiou,,,,,
Niue,,,,,
Norfolk Island,,,,,
North Borneo,,,,,
North German Confederation,Germany,,,,
North Ingermanland,,,,,
North Korea,,,,,
North West Pacific Islands,,,,,
Northern Nigeria,,,,,
Northern Rhodesia,,,,,
Norway,,,,,
Nossi-Be,,,,,
Nova Scotia,Canada,,,,
Nowanuggur,India,,,,
Nyasaland Protectorate,,,,,
Nyassa,,,,,
Obock,,,,,
Offices in Tibet,China,,,,
Oldenburg,Germany,,,,
Oltre Giuba,,,,,
Oman,,,,,
Orange River Colony,,,,,
Orchha,India,,,,
Pahang,Malaysia,,,,
Paita,Peru,,,,
Pakistan,,,,,
Palau,,,,,
Palestine,,,,,
Palestinian Authority,,,,,
Panama,,,,,
Papua,,,,,
Papua New Guinea,,,,,
Paraguay,,,,,
Parma,Italy,,,,
Pasco,Peru,,,,
Patiala,India,,,,
Penang,Malaysia,,,,
Penrhyn Island,,,,,
Perak,Malaysia,,,,
Perlis,Malaysia,,,,
Peru,,,,,
Philippines,,,,,
Pisco,Peru,,,,
Pitcairn Islands,,,,,
Piura,Peru,,,,
Poland,,,,,
Polish Offices Abroad,,,,,
Ponta Delgada,,,,,
Poonch,India,,,,
Port of Carupano,Venezuela,,,,
Port of Guayana,Venezuela,,,,
Portugal,,,,,
Portugal (Azores),,,,,
Portugal (Maderia),,,,,
Portuguese Africa,,,,,
Portuguese Congo,,,,,
Portuguese Guinea,,,,,
Portuguese India,,,,,
Prince Edward Island,Canada,,,,
Province of Zelaya,Nicaragua,,,,
Prussia,Germany,,,,
Puerto Rico,,,,,
Puno,Peru,,,,
Quaiti,Aden,,,,
Queensland,Australia,,,,
Quelimane,,,,,
Rajasthan,India,,,,
Rajpeepla,India,,,,
Revolutionary Overprints,Spain,,,,
Rhodesia,,,,,
Rio De Oro,,,,,
Romagna,Italy,,,,
Roman States,Italy,,,,
Romania,,,,,
Romania Occupation,Romania,,,,
Rouad,,,,,
Ruanda-Urundi,,,,,
Russia,,,,,
Russian Offices Abroad,Russia,,,,
Rwanda,,,,,
Saar,,,,,
Sabah,Malaysia,,,,
Samoa,,,,,
San Marino,,,,,
Santander,Colombia,,,,
Sarawak,,,,,
Sardinia,Italy,,,,
Saseno,,,,,
Saudi Arabia,,,,,
Saxony,Germany,,,,
Schleswig,,,,,
Schleswig-Holstein,Germany,,,,
Selangor,Malaysia,,,,
Senegal,,,,,
Senegambia & Niger,,,,,
Serbia,,,,,
Seychelles,,,,,
Shanghai,China,,,,
Siberia,,,,,
Sierra Leone,,,,,
Sinaloa,Mexico,,,,
Singapore,,,,,
Sirmoor,India,,,,
Slovakia,,,,,
Slovenia,,,,,
Solomon Islands,,,,,
Somali Coast,,,,,
Somalia,,,,,
Somaliland Protectorate,,,,,
Soruth,India,,,,
South Africa,,,,,
South Australia,Australia,,,,
South Georgia & South Sandwich Isles,,,,,
South Korea,,,,,
South Russia,,,,,
South West Africa,,,,,
Southern Nigeria,,,,,
Southern Rhodesia,,,,,
Spain,,,,,
Spanish Andorra,,,,,
Spanish Guinea,,,,,
Spanish Morocco,,,,,
Spanish Sahara,,,,,
Sri Lanka,,,,,
St. Christopher,,,,,
St. Helena,,,,,
St. Kitts,,,,,
St. Kitts-Nevis,,,,,
St. Lucia,,,,,
St. Martin,,,,,
St. Pierre & Miquelon,,,,,
St. Thomas & Prince,,,,,
St. Thomas & Prince Island,,,,,
St. Vincent,,,,,
St. Vincent Grenadines,,,,,
Ste. Marie de Madagascar,,,,,
Stellaland,,,,,
Straits Settlements,,,,,
Sudan,,,,,
Sungei Ujong,Malaysia,,,,
Surinam,,,,,
Swaziland,,,,,
Sweden,,,,,
Switzerland,,,,,
Syria,,,,,
Tahiti,,,,,
Tajikistan,,,,,
Tanganyika,,,,,
Tangier,,,,,
Tannu Tuva,,,,,
Tanzania,,,,,
Tasmania,Australia,,,,
Tete,,,,,
Tetuan,,,,,
Thailand,,,,,
Thrace,,,,,
Thurn & Taxis,Germany,,,,
Tibet,,,,,
Timor,,,,,
Tlacotalpan,Mexico,,,,
Tobago,,,,,
Togo,,,,,
Tokelau,,,,,
Tolima,Colombia,,,,
Tonga,,,,,
Tonk,India,,,,
Transcaucasian Federated Republic,,,,,
Transvaal,,,,,
Travancore,India,,,,
Travancore-Cochin,India,,,,
Trengganu,Malaysia,,,,
Trinidad,,,,,
Trinidad & Tobago,,,,,
Tripolitania,,,,,
Tristan da Cunha,,,,,
Tunisia,,,,,
Turkey,,,,,
Turkey in Asia,,,,,
Turkish Republic of Northern Cyprus,,,,,
Turkmenistan,,,,,
Turks & Caicos Islands,,,,,
Turks Islands,,,,,
Tuscany,Italy,,,,
Tuvalu,,,,,
Two Sicilies,Italy,,,,
Ubangi-Shari,,,,,
Uganda,,,,,
Ukraine,,,,,
United Arab Emirates,,,,,
"United Nations, Geneva",,,,,
"United Nations, New York",,,,,
"United Nations, Vienna",,,,,
United States,,,,,
Upper Senegal & Niger,,,,,
Upper Silesia,,,,,
Upper Volta,,,,,
Uruguay,,,,,
US Confederate States,United States,,,,
Uzbekistan,,,,,
Vanautu,,,,,
Vatican City,,,,,
Venezuela,,,,,
Victoria,Australia,,,,
Vietnam,,,,,
Virgin Islands,,,,,
Wadhwan,India,,,,
Wallis & Futuna Islands,,,,,
Wenden,Russia,,,,
Western Australia,Australia,,,,
Western Hungary,Hungary,,,,
Western Ukraine,,,,,
Wurttemberg,Germany,,,,
YCA,Peru,,,,
Yemen,,,,,
Yucatan,Mexico,,,,
Yugoslavia,,,,,
Zaire (Congo Democratic Republic),,,,,
Zambezia,,,,,
Zambia,,,,,
Zimbabwe,,,,,